1483228800000,7.0949745613367945,1.5036519461737663,6.916933153565148
1483228800040,0.3903173318604114,0.16108853420857328,0.46467942110113847
1483228800080,6.549164125222222,9.919514651088473,8.649917071796253
1483228800120,6.994098108812031,1.1743746018507983,1.774122756711194
1483228800160,6.22228090118231,0.2697196383844902,9.556644255305018
1483228800200,8.687101244848494,0.8575310283688753,9.166955514084146
1483228800240,0.7945037145074652,5.4821164956878,3.4208846912659876
1483228800280,7.508353242855158,7.583649199554511,4.768665214266806
1483228800320,5.720457858480604,5.655314626267365,8.571375180154007
1483228800360,8.821806023804548,7.14718080219673,6.346665759287717
1483228800400,6.028552761691052,8.992345575083498,0.2064623883083505
1483228800440,8.327698171631159,5.700076208219674,0.4492645863292044
1483228800480,9.531997825596099,9.351951672897009,1.9213105322406299
1483228800520,3.9912438165972173,7.771240397354063,9.346759885583456
1483228800560,2.106028693861731,4.719175322870642,7.762156233440929
1483228800600,0.03259324458139701,6.096730108727694,9.565228650144231
1483228800640,6.761677124287772,8.899147432277823,0.7403125338651417
1483228800680,1.4664577310244309,5.4529598291153825,9.501976151218749
1483228800720,3.946862221711126,7.843584461945335,6.000139857945116
1483228800760,2.9765897768307994,1.1438169720404034,6.806399341604717
1483228800800,8.9607916769684,6.063953534757747,9.032054618008189
1483228800840,2.8835460919446065,7.852342651073464,0.6769698392760382
1483228800880,6.463993936461731,8.77400224997706,1.6212095319210273
1483228800920,1.191158501265277,9.149002712113148,9.578737312750656
1483228800960,5.710928231930056,7.06994942748152,1.3880881690709657
1483228801000,3.8546355055033796,7.825791088920187,7.672261496374041
1483228801040,7.683558795054742,2.3524342065314032,6.003971121370302
1483228801080,4.855004773523257,7.404553303168,2.7542465823568096
1483228801120,3.702748929660209,7.339982957211616,9.021481975449397
1483228801160,2.213789738026933,0.15457549015428618,8.647262269754455
1483228801200,8.517421275893659,2.4241487426007993,3.651344081486262
1483228801240,7.997395375344995,6.641492437906913,9.72784512647319
1483228801280,8.902873244653897,3.42612553524586,6.38498844648689
1483228801320,6.246656218111998,2.4432577501745523,9.380150054358152
1483228801360,1.779260365798585,6.416005068182158,9.108744526152927
1483228801400,6.794794283815303,5.449883654567655,1.437733985369054
1483228801440,7.387888776898157,1.9976474697933222,9.373698328416918
1483228801480,9.902940228640611,1.7311151024006421,9.001689005143405
1483228801520,9.67337052016036,4.307183321480313,5.870193063274854
1483228801560,5.146089238543182,0.17495559971811625,6.792036726196962
1483228801600,4.909280225485995,2.310331471444016,5.9188926868806435
1483228801640,5.128184501685463,6.3412196776208045,1.1785333706352463
1483228801680,0.2747325937309253,7.1476443457800345,7.933108032217337
1483228801720,1.3370805909071692,7.151608924126988,1.4447469929350065
1483228801760,6.219643182821261,0.46543352043939334,1.890584439238645
1483228801800,0.5883499380288981,0.11565659342415491,6.275594786181324
1483228801840,4.184344833353545,3.2439258276081793,3.4599979679801693
1483228801880,6.716903846915888,0.8737547936126744,8.898720803690672
1483228801920,1.6630597540282377,9.888688579159368,7.375972451303033
1483228801960,9.531246727110656,6.293139680804906,4.190720957999124
1483228802000,7.350349263385513,0.1944641837808081,6.665979055845897
1483228802040,2.9757680874596493,8.633372725347034,3.2516363452135346
1483228802080,8.793337066122541,0.5377772765223765,5.1394383644239205
1483228802120,8.92713000663594,9.780931648694581,4.350256519829058
1483228802160,1.3288775155765464,6.764392347650352,9.148622317829666
1483228802200,9.526879649940119,7.152506643330135,7.737526620070067
1483228802240,2.88361260623296,5.841402896460085,2.8723919582672517
1483228802280,7.993632336103528,9.83143418518985,6.54117856711361
1483228802320,5.071950109492112,7.404550205612014,5.602063295029466
1483228802360,4.7087314549031225,0.8974636409377279,3.85877735742758
1483228802400,8.072317757104383,6.217157539222558,2.105734149282558
1483228802440,6.014976802995501,8.43557339751223,6.940449717110178
1483228802480,6.646979819361821,4.150528289494185,3.316498967240946
1483228802520,7.852863911503913,5.597267824840481,5.080433847257
1483228802560,1.5338147021359894,3.060424020054291,3.900281636275759
1483228802600,3.1801139247818555,4.701071637119166,8.756508126445107
1483228802640,0.45014797498379333,1.3785399735807646,1.6470662240732314
1483228802680,2.6753879034011288,7.212644373278997,6.628159639932529
1483228802720,9.832427202793587,5.302659927859253,7.042460568023551
1483228802760,9.193669970269632,6.592122049461155,9.615811549101675
1483228802800,5.8224204049566675,6.309250346191131,3.2976614195334317
1483228802840,5.011880786147083,5.367063651353805,5.4290255484143435
1483228802880,7.482578967184215,8.979869979074424,8.93097821765554
1483228802920,3.508100910252272,5.04939784753441,0.9900746811318062
1483228802960,6.402746536955313,0.9559326124574385,8.061070554795272
1483228803000,0.01815703706557814,2.647763547840185,0.8590161785981243
1483228803040,8.212101775506458,4.109145967956929,3.082543325510254
1483228803080,1.4235236319196842,7.797172945093756,7.122926286500605
1483228803120,9.328422451768159,2.3028604495695304,4.340066670470377
1483228803160,0.913990467601814,9.878024296937912,2.228742088502792
1483228803200,8.490324705840106,8.965920204280188,2.473808793515111
1483228803240,4.370308392420767,0.6138423374974555,7.385489194555457
1483228803280,3.149774169570528,0.7337670136816388,2.382114751468869
1483228803320,1.7838965546774999,7.615314273411852,2.794516577632785
1483228803360,9.201323177823973,0.6274340074885187,9.455746392326095
1483228803400,9.317657924911694,9.361394677594099,4.664383277979377
1483228803440,1.9003669071815543,2.3243026506667497,0.16093893930215208
1483228803480,5.694496828114094,3.2477048378660944,7.211163832115066
1483228803520,4.0479061830067185,5.773376801918488,1.8024289909997604
1483228803560,7.609752197313831,0.6297511662184452,4.60817033936493
1483228803600,1.9355675936730443,3.524420813908682,7.160940615474937
1483228803640,0.950564227967432,5.517686398470762,6.204042475311424
1483228803680,3.0158823821694614,3.9442916668158903,4.153737120118558
1483228803720,1.3338780926892235,3.058276057847382,3.7715525446146647
1483228803760,6.542176385394958,3.76040019062305,9.996775242479568
1483228803800,0.3098613399191774,8.077183010658143,4.960617462908939
1483228803840,6.970782867987706,7.540504542488402,0.4878492287102276
1483228803880,5.096933174415729,2.3697047076068856,7.467918901471084
1483228803920,0.06380327837595456,2.632663313179907,9.866601797131032
1483228803960,1.5811394115770228,6.395097612044864,8.410472274819869
1483228804000,7.210757877610323,7.049980928048019,6.876700433630284
1483228804040,6.5178968120276615,4.814779285709207,5.2093472390915725
1483228804080,9.303107133109501,1.167629315149472,1.9120532806147805
1483228804120,2.71064634961241,4.566201812018248,0.31247779498763006
1483228804160,4.724904305549701,3.7407502081775923,8.024546820626911
1483228804200,4.461266499975895,6.144237470250689,1.5279340842778677
1483228804240,9.410766081133428,8.248718921197426,2.8088847392229943
1483228804280,5.720923059667361,8.119345419805859,4.7305085841242995
1483228804320,6.619276739706807,8.700947376979478,7.957027033895566
1483228804360,5.40209420546261,1.4133445328917094,8.198882092423254
1483228804400,0.5325302822661382,6.516301107651542,6.304161979605986
1483228804440,9.19476171678717,4.385679476075292,7.717643814663275
1483228804480,8.441245541059757,5.303168512789407,2.34333562187808
1483228804520,6.976976184458237,1.679674421626015,1.9481140005111675
1483228804560,9.16582384017261,5.534236636470906,1.8495106568891617
1483228804600,4.914819227797729,5.284220604407858,5.746384948665232
1483228804640,7.244155619730864,3.7077466390335454,9.842900601415241
1483228804680,4.761827770044541,7.9895038211619624,3.893587644783852
1483228804720,3.232298455122904,2.6601477337427246,2.7204292679042865
1483228804760,3.0674534972034873,5.982418853286193,4.231158585623874
1483228804800,1.1142914577681595,9.217641779423127,8.915472191507183
1483228804840,2.440206157899667,1.6258379147346058,2.398220059494054
1483228804880,4.570181275291276,3.1646266746933716,3.894362715853071
1483228804920,5.846118317363789,5.365452087365309,0.2267942095688924
1483228804960,0.4278878072084391,3.98450622457563,4.974616272632066
1483228805000,8.832251881275921,1.2480623979870242,9.069098353675402
1483228805040,9.382891310340982,6.510684497198774,7.605998609468342
1483228805080,9.265040944089918,5.147412152938319,3.3058656670162634
1483228805120,1.5562105840469542,8.987574570462826,3.588672553165492
1483228805160,8.935454256284416,1.7886570461248008,3.8326285062601038
1483228805200,5.533117805087922,9.789134146167488,2.3395274906830266
1483228805240,1.0433419944086109,9.57589573018766,9.861566051064521
1483228805280,7.012815463020647,1.7013432050231536,1.880457704471108
1483228805320,5.349936741376714,1.3905634343414552,7.750535467432473
1483228805360,4.529610413640758,7.728819893279536,5.100980037953109
1483228805400,7.043717491876245,8.930875220394643,5.313268511655594
1483228805440,0.11715587865597454,1.7196130008867416,4.50578034076818
1483228805480,1.564227412455227,9.997643157386298,0.8809292158751669
1483228805520,7.741316044728875,0.8953574924830798,3.054954163361262
1483228805560,2.024793553732115,4.22020786258135,7.820979666750899
1483228805600,2.062567377910315,3.7630224234225915,9.341489139325066
1483228805640,1.4583392854756605,7.6995733397485635,6.1556330314304795
1483228805680,3.208167421900303,4.470862875277862,5.517342529287051
1483228805720,4.103231166926518,1.4139342299392854,8.925908344812104
1483228805760,3.7327489760013766,6.807388067931878,2.8804043546724554
1483228805800,5.008476402836738,7.34997548822923,0.16409394599206872
1483228805840,5.441404239613905,4.61042426234394,8.421255116677864
1483228805880,0.630235710292929,3.6857976575593874,3.734851070675461
1483228805920,4.419217074064927,0.12865052990359005,7.149541129008509
1483228805960,8.802809391014152,5.85901818719262,4.748953338822444
1483228806000,9.275728676713634,7.959905648945832,3.6199640904854604
1483228806040,6.773437417850918,3.3015080125718854,1.981988177316104
1483228806080,9.248198335631125,6.928998470360723,1.8543737969027974
1483228806120,6.404180794028092,0.6924567077201704,6.091183328112253
1483228806160,8.854231138678227,3.668067520997985,8.178327804734675
1483228806200,3.208509921845301,6.367499912619427,0.4695051964646424
1483228806240,0.19777851414027214,7.952144733170253,6.332686738024793
1483228806280,2.31907425910396,7.097025591549096,8.30810407874308
1483228806320,4.059116149916422,8.710094804070966,8.534570424027361
1483228806360,6.318817889181303,4.783873605999131,3.340958407748401
1483228806400,0.946611609143061,2.311644215033901,2.915932895229413
1483228806440,0.385332862122314,8.969367596706398,9.095502173730885
1483228806480,0.4239054012964305,8.334867360180372,0.7640644445228284
1483228806520,4.698784125441753,9.77618040366856,5.81487401572897
1483228806560,3.0293869324409703,9.463492044347499,7.875188984272996
1483228806600,3.7685371323966677,5.256045004863289,1.5163684389696341
1483228806640,8.024737858508754,8.457432855452613,5.877442261574284
1483228806680,4.988249504323161,4.15197448639973,8.673927835234887
1483228806720,4.417059606751867,2.7567967730976415,1.4391088018467857
1483228806760,0.1789253899093335,8.113213410245553,8.810288808469002
1483228806800,7.011655836931855,4.638328044577484,8.34875060320054
1483228806840,8.335994859151118,5.051865105197267,6.0836154319257885
1483228806880,4.124624891937403,1.6907294290874575,2.330440755562643
1483228806920,4.790536978946265,3.995856859863399,2.149584029976259
1483228806960,0.7800227306778906,7.2340114484220885,8.14346698672979
1483228807000,0.5410493915595183,1.6194953975948512,5.793581507942865
1483228807040,5.9480752089407,3.5422773872131366,9.279341108889158
1483228807080,5.793690120010485,3.245340125972087,9.619726252058854
1483228807120,0.4928481423768982,6.415104687302316,7.9945927956808
1483228807160,6.2685185898104105,0.2976794284012563,9.651980388825516
1483228807200,5.253368122497246,5.244662097211846,7.395986713583125
1483228807240,7.826331620201042,3.8439592654112698,5.400978303534531
1483228807280,7.513320286810816,1.2872271212662467,8.997126142549519
1483228807320,8.653805938090343,9.235928518626965,8.262508893158822
1483228807360,1.9674701140051354,3.5358681726485273,6.025096009259885
1483228807400,2.753448162753994,2.2260782841796036,4.1620454049540365
1483228807440,0.3415733410048172,2.797200983100576,2.224011216548666
1483228807480,1.0066145048881037,0.967867630778213,3.716613869547082
1483228807520,6.903155190979453,5.912734291307657,4.267651798574325
1483228807560,3.0877417122553763,9.731112808261987,4.8968447613743615
1483228807600,6.839984872063631,7.316447564634415,4.43358079817453
1483228807640,8.757074939856244,6.011396188026951,4.749946112913471
1483228807680,9.55613886290822,3.350015456356912,2.680728314521059
1483228807720,9.568616169356144,9.191621622164316,0.6307398151717525
1483228807760,8.737511419500557,8.857151239211992,4.019156444737364
1483228807800,3.268071374726935,3.7467446637322555,2.2323355775829565
1483228807840,8.537956207449911,0.007017849528536679,3.8567694968604727
1483228807880,9.606645502481054,4.291957117835201,6.175802132894768
1483228807920,8.903205862584064,2.1120001171149716,5.4443639852136645
1483228807960,4.105347146517654,5.195333868238895,7.13232621823286
1483228808000,0.9261106163588151,8.871072553947458,1.3197346783938013
1483228808040,2.2153852802040905,1.7734076867453807,2.593758958708597
1483228808080,7.037949503865786,3.690411739546142,9.234660836270777
1483228808120,0.0418442079672976,1.4621325137411112,1.273715401757869
1483228808160,5.1625977463128905,3.7394985980163566,2.9432530120761236
1483228808200,1.6175497535173833,8.462998828057346,9.26690402816244
1483228808240,1.1717687435901158,6.318212758305334,9.571975244353577
1483228808280,1.714415332644118,3.2801926281688187,5.622292528215534
1483228808320,0.04454275482531078,9.442689735589425,5.25481336255905
1483228808360,9.70740337432015,0.07888880880097426,8.655171962412341
1483228808400,7.6127073899925435,2.2371112325385942,9.315584504453355
1483228808440,2.6758248257593467,0.45712674820997834,2.2854747175399948
1483228808480,1.5229582424622168,8.16505409118656,5.617464591292318
1483228808520,3.67924863991325,2.0506273646238773,8.228531342280505
1483228808560,6.858720949602524,1.6844159291604266,4.568752216630352
1483228808600,4.573904109150892,9.791478612506786,6.309225062071691
1483228808640,0.6831719271701242,3.2078701677161883,7.569580915635469
1483228808680,4.048445507396775,8.448025051773673,4.266498886055241
1483228808720,6.835254926339227,4.358066591813833,1.4496984009123381
1483228808760,3.086146930381457,1.7865965198314848,0.6992355790622629
1483228808800,7.483675554568575,0.4005241479576849,9.852112817729331
1483228808840,0.9783955679287137,3.2779110597442673,8.021822246159141
1483228808880,6.2680709580907354,2.2575955139326176,7.455104543285035
1483228808920,3.8877117439419386,0.8428264800628293,0.6637343213201019
1483228808960,0.6340091171583073,2.8947062631696863,8.756896014019203
1483228809000,6.355325921123517,7.83818100843029,5.224365569788424
1483228809040,6.439881821311809,6.506925600244112,7.727276346096402
1483228809080,7.908459731057142,4.2267951463485804,3.3069610822616036
1483228809120,1.718739655425564,7.257459495257143,1.1281504815800758
1483228809160,1.7047938489543302,5.475053528877577,5.794692978892377
1483228809200,1.1261888294154943,1.427915640496108,1.3445790409565506
1483228809240,9.511059726205538,9.896904158636602,8.28045184063164
1483228809280,3.318009267857731,7.273297168732197,6.25248545747871
1483228809320,3.9065815759875866,2.332189226323469,6.581355499427448
1483228809360,0.8441906695083146,9.84337079355688,4.652023703527409
1483228809400,2.5771112672196694,7.468711061181343,8.43430289283339
1483228809440,0.9890022956246614,0.1958966757093683,5.026924770850717
1483228809480,7.566510416651697,2.363109139798527,1.0148966259184988
1483228809520,6.465956435452874,0.7719445868986352,1.8781043366106698
1483228809560,9.887017335488547,4.484852283924981,7.195737956478757
1483228809600,2.526631325433332,1.5423282443001574,4.062491433529329
1483228809640,8.561490606339941,1.920739128415635,7.085512011635915
1483228809680,6.766701885186821,9.905613097277147,1.9367823607061507
1483228809720,1.7302987941151249,5.690444534461268,0.10425243757345881
1483228809760,3.3984946035551467,1.3788291765282878,0.1124457833155057
1483228809800,5.858245353506824,4.543682640597985,6.818966828618828
1483228809840,0.7632538753332296,6.6324870407421175,6.063213119304432
1483228809880,1.3476431829395663,5.628676000547945,5.305637998783635
1483228809920,2.1828001658227225,7.812612845883771,1.159072158386465
1483228809960,1.7337103740178172,9.395081493248334,0.3011633540949421
1483228810000,9.264709282373659,4.996556036406216,4.515287222224704
1483228810040,4.719047024759737,2.5887955540232865,7.782520320471531
1483228810080,6.7065144968285715,9.222125961095283,4.421744421699978
1483228810120,6.7891232219580235,4.519543771312074,8.201445545141928
1483228810160,4.050353074837412,7.591563603518629,2.3086203889562764
1483228810200,0.017400427524801865,2.894882157426827,4.045028762326774
1483228810240,2.261187690622747,5.091946186970118,5.170413483004253
1483228810280,3.83750268296128,2.2742019655763035,5.956048931143021
1483228810320,4.868415325180254,7.449767367518223,9.200421478016938
1483228810360,8.88682427547572,3.281847040175927,5.554308104234913
1483228810400,0.1343396200092739,0.24437347452070268,2.652667164190532
1483228810440,6.380456197394792,2.3827843165556706,6.841897255288014
1483228810480,8.365250057357873,6.122075698211512,5.360497948382279
1483228810520,8.248762677467663,8.469075537136954,7.818926532069704
1483228810560,3.1968365198027557,9.921894385019229,1.4735186415999058
1483228810600,0.44924414073700847,9.141016237052117,6.4502281662855445
1483228810640,0.36894452602375116,3.779044836060965,3.115331152173489
1483228810680,2.9399641553667486,1.3115021411899952,5.965677888418832
1483228810720,6.811284223433288,3.6244418084883536,5.411687924354562
1483228810760,1.4299579509553684,6.001790747992052,1.8111369843175062
1483228810800,2.573383587425436,6.349848742514126,2.464067208536277
1483228810840,1.1532548419646338,2.1421204041004405,2.213623866020206
1483228810880,7.6571084116348995,0.44835209992111436,9.392027686968005
1483228810920,5.242855113752221,2.522503072477903,9.182986993733197
1483228810960,6.200349506942625,8.553715963259599,6.127888493289017
1483228811000,3.703107789908299,7.464978835611787,5.540440875443044
1483228811040,0.32920632105667647,6.81167209620752,9.89435841580564
1483228811080,1.5527992130474289,0.572963511675445,1.9190192055845023
1483228811120,9.792372005770343,3.2167972137123946,5.847989246149282
1483228811160,3.405315369220779,5.595768320285655,3.027573238150313
1483228811200,8.02381009972179,3.4575860217651835,3.5661620441061292
1483228811240,3.466799815272521,7.870277774339294,7.556411170164964
1483228811280,4.602177342651812,9.354497975140712,5.692028222560692
1483228811320,8.013594485270403,9.495348992210708,1.3691342237982218
1483228811360,8.061093109061543,2.4119110557314407,2.9426305841602183
1483228811400,7.755132439340681,5.247215415672097,8.0868277572768
1483228811440,3.360056021697859,5.517820019345279,6.504710373856076
1483228811480,3.569789182064662,8.621163088440312,5.628530321826809
1483228811520,9.602427893537676,2.1783805011498747,1.5780659811330267
1483228811560,2.27173915793071,5.936427576399436,0.7979177093176404
1483228811600,5.976097260250577,7.5200129576736705,1.5659986978862706
1483228811640,3.8961635060093314,8.136359463468715,1.69278505395836
1483228811680,8.6875713162266,1.8569563043467152,6.748822672610125
1483228811720,7.516447257499824,9.717702531798853,5.214089241983601
1483228811760,5.008181937409106,6.807582195763169,0.725650213445217
1483228811800,7.612800715101555,5.155547447055287,5.770051889361065
1483228811840,1.7796652618443487,3.0623455498313588,1.4108726754201473
1483228811880,2.5109922020148323,9.268426801486395,8.113838721961557
1483228811920,5.131215706733462,5.100924337721971,8.823978389458839
1483228811960,9.756320008316468,8.683066805746812,0.450361205622436
1483228812000,5.881544931079093,6.56270960801322,9.1059732771631
1483228812040,6.336095399050375,6.515723270593329,6.348730604074455
1483228812080,1.0577260800983779,7.9966102567897535,5.398677785954988
1483228812120,8.159735222617764,5.917488717893594,3.4487661659416533
1483228812160,5.2880040666311405,8.058602535425694,3.924919324219088
1483228812200,3.155853744285211,1.3232818269713686,2.1408995042437495
1483228812240,5.568965663042459,4.752035296413595,4.3731087070471775
1483228812280,9.336574158158207,8.391327828190603,7.144166393605831
1483228812320,5.711345993769052,7.4500424920389,1.202325465129086
1483228812360,5.6619283430981096,7.402184956957878,3.681495771826424
1483228812400,2.7445476617573705,2.546178514423718,3.093045273309456
1483228812440,3.8015063944671166,8.366388690241882,6.493173742572603
1483228812480,0.14390215574016985,6.512222343934273,1.170016786277004
1483228812520,5.614707934940331,4.351917513867887,8.884774289371752
1483228812560,5.085198942880647,5.863371569042716,0.5510815481948761
1483228812600,8.464375075604206,4.408111127879342,1.5467114655440117
1483228812640,7.326395691187831,8.289840650101318,7.26273942612303
1483228812680,6.025830975253341,5.171253483842082,2.2018185416621194
1483228812720,8.861188558495204,5.860698332414216,5.0985671408898465
1483228812760,1.4234087855066113,7.012992297643552,7.948546252561557
1483228812800,0.4770961067148083,4.0884702608330326,0.18652607948475897
1483228812840,2.5890507647296968,5.455250773060651,2.1878056656865494
1483228812880,6.872011831219745,5.652918353862443,6.397321344898531
1483228812920,7.727680651099317,8.483196121497214,6.9663286961388735
1483228812960,0.8926495103220955,6.3589029704319975,5.019944816065616
1483228813000,0.5077734394225009,1.1458541720987192,0.8345469740396472
1483228813040,3.6491543843493313,9.96107114937123,7.4957119913868
1483228813080,6.645245847032964,5.245417147280649,2.0359476696766876
1483228813120,8.644891240128505,7.284069875167052,5.985254511370325
1483228813160,1.460699114818227,2.953795600319997,2.158728805350618
1483228813200,5.6430789716927325,1.1586474936379454,3.38360136526806
1483228813240,0.8454798852759593,6.987744125739449,0.026885482479074296
1483228813280,7.134157692214837,9.639234431717233,6.609807153580166
1483228813320,8.108179546623042,2.7680542250839455,2.5804996494340737
1483228813360,4.95306979674157,6.798262617945645,1.0067446537630276
1483228813400,5.507594779053987,1.2231846029833826,2.229659760532333
1483228813440,7.181556938017879,1.0977502860967914,9.16377820620881
1483228813480,6.7502885822576895,2.898067351221224,2.923328917822662
1483228813520,3.7770982217181492,0.5763067475134176,7.937527497300375
1483228813560,5.65918780280205,8.632772738154769,2.250792820380135
1483228813600,3.4555675422712087,4.3245634191396825,4.083706463250292
1483228813640,9.696046483346057,0.11405758664398746,6.618171928682352
1483228813680,7.910401768845373,3.825919118354947,6.181073086419758
1483228813720,5.137747894153664,0.8447774225456706,8.695385654210826
1483228813760,8.159748425485132,7.459532274352271,7.898476003235837
1483228813800,5.737718966644405,7.338564279574977,6.000258342469494
1483228813840,6.447586650799597,2.1017406421055917,9.39029533824395
1483228813880,8.137187578015686,5.573232503504948,9.718189331981295
1483228813920,1.1188680221379155,4.248915144893505,9.802412541073993
1483228813960,2.3107580713032636,1.0770149041674482,1.2297783892977365
1483228814000,8.143111229592266,7.506672768652444,9.62645403968246
1483228814040,1.3409970501916346,5.682360114050006,3.697211436766131
1483228814080,8.700042712339359,1.8282395525145223,9.787658876047058
1483228814120,8.040533820084775,8.74478985775312,2.3849124856273263
1483228814160,5.964928669352535,6.148964473287199,9.660639717871012
1483228814200,2.9413349347618576,1.0258741970862129,9.691119160647249
1483228814240,2.660237629138985,6.590975642045812,3.5488262306861227
1483228814280,2.759384492581015,7.5251159560774505,5.8171282688763
1483228814320,8.146663682126775,0.4252000827664226,3.8105080865239502
1483228814360,0.30615473652304437,2.9266160123594664,6.9719791120467765
1483228814400,5.921591527885165,6.802805047645258,5.262505102692754
1483228814440,0.7505465767872521,6.055726288159087,3.7725668060275117
1483228814480,6.996388051676559,8.209575952615676,8.477875066641099
1483228814520,5.310697013296145,8.624435965593577,7.978578654701743
1483228814560,9.659354448481581,3.151012922584784,6.082750579047634
1483228814600,1.6942227141069022,7.820737935121322,5.311056942433842
1483228814640,2.968610059808121,4.677878858454896,7.2207733572816855
1483228814680,2.219152617955862,0.15854277732172073,6.153253130556278
1483228814720,2.9879157998210983,9.38873130637942,0.3462494786014836
1483228814760,0.840057884771167,9.979515981310605,7.719509550278532
1483228814800,8.18170654107471,4.947216499497039,9.74170125148801
1483228814840,1.6238140646162802,8.821428819653699,8.604967559634847
1483228814880,5.910528020018399,8.869674667679073,2.156152258869345
1483228814920,1.246102844661846,3.1914987153662033,8.491981138385077
1483228814960,6.990822996708434,3.3163807295676317,8.744885493372331
1483228815000,3.325753044165798,7.547915611637681,8.635547750039013
1483228815040,9.063220744453856,7.030823222390868,6.130002959672749
1483228815080,7.65744809791319,0.3525011485074514,6.217453007116624
1483228815120,4.814611317814821,7.15539823799371,2.666854131014751
1483228815160,3.9976266168582955,9.771883721953346,4.199159058271279
1483228815200,1.6502965667440184,8.335881885739118,4.860532282740449
1483228815240,1.5421325284728427,2.084460009709228,3.54859923007088
1483228815280,1.9207795267263583,6.713172829289558,0.34755046328873274
1483228815320,6.131135332185632,9.444913252938811,7.65086750171872
1483228815360,1.6781270663463566,4.404467232814355,7.891539562497362
1483228815400,6.343579261353531,5.852056349034712,9.158764852529078
1483228815440,0.10661660525706607,5.7610596196405295,8.227905142312459
1483228815480,3.646375797416219,0.2557117307777712,7.4739679384201905
1483228815520,7.422418085858485,2.295771664769605,0.050601838704011914
1483228815560,4.232332140173552,5.740807844507778,7.3387540346207105
1483228815600,9.043239438236194,9.908274441765858,0.6709571729016617
1483228815640,4.620988171812781,1.720359449067782,3.703794655943554
1483228815680,9.447400953139962,5.367173487314384,1.5358562769833917
1483228815720,6.380140020349696,8.202703963918601,5.416006939125256
1483228815760,6.657771520152403,1.7258839931371162,7.2168713233503805
1483228815800,0.9234217497005182,5.654607035341086,7.092648409287779
1483228815840,9.165795250965745,0.20834431169071022,4.37570913417175
1483228815880,1.1599130270512037,4.518492763251615,4.596363211669611
1483228815920,0.15633186976526936,7.473036145570665,5.060415970409974
1483228815960,9.489772015174498,9.172562682716096,9.024313530217759
1483228816000,6.461763019389021,6.614757649062547,1.6756833571608531
1483228816040,7.77215386644592,3.6055369864565767,8.758849443682822
1483228816080,7.534363434061819,4.329483139589362,4.381870583119063
1483228816120,7.671924042957521,4.659870458629055,7.980225380948678
1483228816160,9.609692689399285,1.4685284669163978,7.746874859503331
1483228816200,4.942209987042997,0.7373092970128459,3.3322930502835266
1483228816240,9.143127052234664,2.6745241166137035,6.423938716194174
1483228816280,2.570314747856599,8.689240922715078,4.827424289204277
1483228816320,1.2937654879278515,8.043867958327741,5.06292843188281
1483228816360,4.433729399782138,2.6528996644491087,3.1416120401109926
1483228816400,8.682216312426977,8.4559906973233,8.661402507933648
1483228816440,2.4712404957499046,3.925183720637632,1.9083877593561482
1483228816480,7.395067599496254,1.4135207145469764,6.053938647092022
1483228816520,6.84455603400613,7.738384223588222,3.1006023108207903
1483228816560,4.306372647954856,9.569367051040414,7.79544597261132
1483228816600,6.446407504569117,4.704756269295127,5.378492075793767
1483228816640,1.5074175507132426,2.029850960926729,1.768676121049555
1483228816680,1.2601814288142055,8.678779324348515,1.1203038963931
1483228816720,6.09214692878703,1.7339073023140006,3.620802896706019
1483228816760,3.0321825244272427,6.966097825282315,1.621383159955545
1483228816800,9.654779514074756,6.281321597477008,4.140484399603962
1483228816840,9.8259697413222,6.624671688966201,8.94331568489404
1483228816880,0.8738449927044378,9.234086943182302,5.314695735918864
1483228816920,1.3887148082117762,1.910672803634914,7.98873145846691
1483228816960,6.523261980579117,5.099084909074026,2.459821350784983
1483228817000,4.381275219656228,7.824323216082867,9.939899313675436
1483228817040,7.919946050862295,3.894220574816467,9.006608828717017
1483228817080,4.399815111511477,7.330556134158039,0.1833983599842992
1483228817120,1.5322456920408456,1.1393680116133398,6.2155511772543
1483228817160,8.941002995405041,8.793839713816078,4.801354742787918
1483228817200,1.0101202947060661,7.029194606975246,8.613181153829384
1483228817240,0.5333029206006901,2.3611295004455126,7.039724469123767
1483228817280,3.3514458532611213,1.0749854751372712,9.661960554845434
1483228817320,7.475015698928419,3.7040097920325676,7.526914102062907
1483228817360,2.4946871542955695,1.0248223599320028,1.0795358297470004
1483228817400,0.6546302946824889,5.484840501590407,1.6338335879538035
1483228817440,8.11783283202243,9.519133449741954,5.175947439063049
1483228817480,5.402810680085835,4.042884694225059,9.804827377150275
1483228817520,6.537460647659468,1.7993592270008119,2.1449526453562107
1483228817560,7.530292407536784,4.1127695642896756,4.9784871272977815
1483228817600,5.347069977458138,9.49987703826668,6.162212120618046
1483228817640,7.252840896186744,4.065327810467361,0.1762779125947478
1483228817680,8.23996989550331,7.787928524994397,2.194781256788565
1483228817720,2.80623774224382,2.8623325272501376,3.995955028141581
1483228817760,5.7845801334925815,7.501567333065759,8.70020137194384
1483228817800,1.847664350018855,0.15937239497253786,4.531374193720993
1483228817840,9.393751712822498,9.518413646761152,8.896104509257572
1483228817880,6.190171529941649,3.0173213556581335,2.2748815005844514
1483228817920,3.5153682935308406,1.2155065893597938,6.72015402958043
1483228817960,6.944063231658589,8.100496719953487,9.232071152496456
1483228818000,6.341912852325716,3.362686661298908,5.401531056015925
1483228818040,2.806792509711269,6.620354363628217,6.133456128322255
1483228818080,3.1348119364971616,4.206217575130155,8.242216417472756
1483228818120,4.720643803307575,1.7568835582189446,8.565961470436617
1483228818160,9.742081384853543,6.184141293372286,0.09887013108609288
1483228818200,0.3480415729133557,8.903182751610997,0.6580668885917251
1483228818240,7.623895816126408,2.5487369890306244,1.2443957338728162
1483228818280,5.0997526429346625,8.78154785645193,3.0183170226303666
1483228818320,9.636376154134982,6.558840025733431,2.7185175303761664
1483228818360,7.958532979790153,9.844186033785213,4.289276403026853
1483228818400,7.300859561757996,0.7884223149298197,3.028599791768254
1483228818440,6.978959652313077,3.108127805099458,8.596351095539573
1483228818480,1.297308871623316,8.629547995139342,9.749567847599605
1483228818520,6.867728539300862,6.325847455871777,9.223501011690109
1483228818560,3.402396254635046,7.9472086784197025,9.170757454917148
1483228818600,9.144805441465888,0.16163412080254957,7.089142165392465
1483228818640,6.88109259008479,1.306586939720723,3.40765672407544
1483228818680,7.50755909047906,1.087091281723267,1.9621357543700113
1483228818720,6.090201099844156,2.528310874230002,0.5075812523776568
1483228818760,0.757591978743738,8.283359385277905,0.04986633358362691
1483228818800,7.0653180665954105,6.51180527177308,3.7002784098629506
1483228818840,7.362918997092147,8.591261507007948,0.7161243848969179
1483228818880,9.355026331030672,5.577076563643489,6.652945820263208
1483228818920,5.436041443875538,9.72813105875513,3.4998315030606553
1483228818960,6.0230044466079,9.910057041011365,8.295580017875718
1483228819000,7.340858731021147,1.8858175594471216,3.286039405637695
1483228819040,9.458715877934326,5.319538381722491,9.750569999585268
1483228819080,5.726819621412023,2.5294946148092223,5.74886839474738
1483228819120,7.69848562177862,8.609974542077136,3.6940973813681532
1483228819160,1.6410563264114886,1.303833725980641,2.4158233756596093
1483228819200,2.477871733034468,8.709849957778074,1.3231896680263877
1483228819240,2.8462286734164866,0.9270384764618278,9.085634745647472
1483228819280,9.448214410173248,0.5716990529984478,4.819133209031342
1483228819320,8.31417978441679,3.4286825324697157,9.00150184826477
1483228819360,4.23257491023707,2.3276719788573397,6.7100686745270535
1483228819400,7.135355726382931,1.0657544353669335,1.3451262077305237
1483228819440,7.564737967260131,2.3765151695702813,5.286436566934071
1483228819480,9.74250081665835,4.03131901805677,1.0393151010061807
1483228819520,5.070636792673406,0.9813534729760087,7.851216796330577
1483228819560,3.580593669558124,2.723904666060115,8.383243451354454
1483228819600,4.885946321176116,2.6069702768062673,3.7150408626196016
1483228819640,8.696307880639797,4.060344801432137,2.5819960966059696
1483228819680,4.929495059505937,1.28823919925676,9.280260274980884
1483228819720,6.420538363694513,2.4276238201173364,5.011436945619935
1483228819760,5.192888215925002,3.3969150838989637,9.348243022317948
1483228819800,4.304130126735321,1.5113293205162348,5.898139732657016
1483228819840,1.5837726741724345,1.035695434050602,1.0387471746530452
1483228819880,3.0348504138488486,6.2306100034055305,9.352038162029961
1483228819920,2.9791194144333613,7.873545118504724,2.181836487725517
1483228819960,1.998719604735707,9.541752128518226,9.194372409050835
1483228820000,6.755123565576326,7.4239815976047385,2.4992531489848666
1483228820040,9.316102249758922,5.220077004430996,7.871821903217518
1483228820080,7.279673937719084,6.134427760911337,9.159935750533297
1483228820120,7.746782322216453,0.08653469808063141,4.831990885055414
1483228820160,3.2846721647339794,7.805813278270714,3.790458384124673
1483228820200,5.656692448609552,0.7117145098028343,6.4422599518823285
1483228820240,2.542448234184528,5.972129697497551,6.146533427629501
1483228820280,2.9726675923749113,9.061851865400284,0.8851260826589236
1483228820320,0.4960662630775914,3.5332274356971394,6.562164952510614
1483228820360,3.0967398642074584,5.85555823302678,3.5384078194938775
1483228820400,0.9744460185883741,4.713467362421512,9.261774528939398
1483228820440,2.3651068436121414,8.016391245807764,0.7969651452926929
1483228820480,8.469123717827095,7.31946101386146,9.83067720011707
1483228820520,4.944937880519066,8.017323822310576,3.5015431682829523
1483228820560,5.451523964169899,0.5289951268090842,4.878995237691698
1483228820600,8.869709629966854,3.2056970613270295,0.16861482975361275
1483228820640,2.8788234778221056,6.414001887308975,4.505245898913187
1483228820680,2.034976378235437,3.5529128940840495,0.8297955243659982
1483228820720,0.4596193847101704,5.808250083761022,8.180416604698804
1483228820760,5.076230549459232,1.1143502042287612,2.0458835590568922
1483228820800,2.1463832397162164,5.098459508067817,7.6598155810357245
1483228820840,7.4639754946854335,9.656136040252115,2.8067168548546793
1483228820880,4.004219137312758,7.466074718273151,6.594613209164112
1483228820920,9.175683974208514,3.6233245456035656,9.584420095452597
1483228820960,6.906030774055322,3.2733544099500236,6.85374481835251
1483228821000,9.359244019020691,8.349145841171758,4.620643617971635
1483228821040,6.428244919453591,3.8755321024747156,0.9091219702399134
1483228821080,9.558938871168529,9.82945115069905,0.821786754037479
1483228821120,3.2724847894855005,8.234850893118509,6.000512862570357
1483228821160,3.6406385716752876,9.695197450562823,7.4255258802793245
1483228821200,1.6394236847364185,6.467532603865659,6.081512200353172
1483228821240,8.572339119331827,8.118424942796398,5.58470574637242
1483228821280,3.7517276701898794,6.111840433340064,8.770297464223793
1483228821320,5.236369156267621,6.113774977309503,4.099089928191307
1483228821360,7.103073594286946,8.877455414393987,8.158165450247962
1483228821400,4.147405350139724,5.3204675474088,3.835954349830437
1483228821440,2.3549997499453132,7.907352547048873,8.231160265567937
1483228821480,8.964868664453737,5.9538310340301965,3.74688847022024
1483228821520,7.640013237760317,4.847886829887318,5.990505864418358
1483228821560,5.30788266604421,7.464772081745057,5.919772560529948
1483228821600,3.8114656461849297,8.475370567712776,2.5018527100875074
1483228821640,2.8002093064047617,2.1886674580339163,0.583398202448796
1483228821680,9.6728719928364,1.9607635581731386,9.388190347188083
1483228821720,7.72635304647217,9.821842507146203,8.6804490727553
1483228821760,6.433715097430417,4.407707627492716,7.131914671989805
1483228821800,1.5393958331317625,9.81429556114848,2.568486693967179
1483228821840,1.7056334772450454,7.004099734022392,7.652494175495761
1483228821880,6.405305605437417,1.490185719704995,5.517126913193879
1483228821920,4.372648555171667,5.978137202441812,1.4800393288554192
1483228821960,9.795426212013497,5.721466491820567,4.731147950091862
1483228822000,1.2371882196678707,8.06327454419407,5.194155968560579
1483228822040,9.940007370817685,5.7705449776750095,6.8553287885874825
1483228822080,8.342146691999336,1.1179351616299316,4.746476118213188
1483228822120,2.44244234506806,1.9845537108590572,2.7659687565577853
1483228822160,3.3464489289877686,6.091052185085255,9.67769911860233
1483228822200,7.1679827855809055,1.2356196856398571,1.134695312682178
1483228822240,4.155477346995359,0.29352705602160856,9.487274054008521
1483228822280,2.5274894784739566,7.4559552529011075,0.15602861673598145
1483228822320,3.9631274588468965,1.4303241381705112,6.157192674420059
1483228822360,5.77212912171308,7.128889409217438,3.8673011678290403
1483228822400,5.746024728700197,1.53388497796631,6.062130620695569
1483228822440,4.130963854176248,3.6050068627788114,1.0978758061040572
1483228822480,3.790287809531957,8.65567889613502,5.160664298123204
1483228822520,1.8665993505881917,8.102233800022107,1.500516490634699
1483228822560,7.092663659097086,3.9998077588336747,0.007497067875231744
1483228822600,6.966586551214068,7.6056214733967735,4.183418075433495
1483228822640,6.860429748882797,8.560671964912231,4.722776332017848
1483228822680,3.891238373588748,2.559693197365424,7.270002917369061
1483228822720,4.338906155328925,2.6184715511178434,5.188262900696375
1483228822760,2.973639565912584,2.0147924766887346,5.109700570550451
1483228822800,7.382877012110494,9.285711293410044,0.28237896619449643
1483228822840,2.034745897105749,2.5325325933068656,8.0206898458137
1483228822880,0.04167275388315739,1.9539556454995066,7.486619986474617
1483228822920,9.642390517237276,8.35376486765931,3.5117259146833604
1483228822960,1.2532908100476847,4.1203602670537665,8.968199449621427
1483228823000,1.6352295945541906,9.839188360411175,0.08108605841486427
1483228823040,8.276812885234289,8.999388559622137,7.312018972366236
1483228823080,9.981459182946114,3.2704220568611433,9.473562318893501
1483228823120,6.755494430667563,2.9649227527830826,2.8689693874622293
1483228823160,5.942179631377888,3.626754056960876,2.881229139020507
1483228823200,5.25996107620336,6.971803560435909,9.36003250092998
1483228823240,1.0597469754971722,7.463525420331683,7.1339600359939
1483228823280,2.645036128855307,8.85801944698647,8.690368479523768
1483228823320,4.93266879715935,5.698700113202952,8.37673881054352
1483228823360,6.5557032847259205,3.469027486585224,0.1685280532868072
1483228823400,6.023057362331258,9.832810720674068,6.9921584631582245
1483228823440,2.420665389853218,3.390326118306545,4.310308575691586
1483228823480,6.424924597886888,1.4745829743553407,7.409820402381165
1483228823520,3.885561733215639,2.0376976729706775,3.5223392950904806
1483228823560,7.00508090108448,8.550378572145815,8.234150702280864
1483228823600,6.059520810570731,4.985821746148174,9.589518194523066
1483228823640,4.774182786321049,5.677199915080509,1.2692279938653739
1483228823680,8.903476336884488,7.227524071182626,3.9715955984995253
1483228823720,6.068182326131865,1.3203229000678818,9.09273471250452
1483228823760,3.458055462582724,2.6421070447575143,1.7697295073570873
1483228823800,3.299520982019293,9.045303405137048,3.9066261992920137
1483228823840,2.9157276306004865,3.7474928728878663,1.6574547470802126
1483228823880,6.448104515234779,8.965453941871338,9.868776126830193
1483228823920,0.4386769469958296,2.2307351335981975,2.73185492910466
1483228823960,8.224377821441758,3.5225319837757585,7.70818660966251
1483228824000,7.903315623668558,2.2868872293884888,6.487242815510664
1483228824040,3.899017327864639,6.933969966434351,0.24541678714313453
1483228824080,1.0485209268641615,9.102320330943138,6.474278494674684
1483228824120,3.668120827436061,8.056729589041984,9.618951618007495
1483228824160,2.0824168516928845,5.873654547480024,1.3339455426973135
1483228824200,9.573009222435774,8.072564042671141,9.05912840902328
1483228824240,4.838821155866338,0.44594094351894653,4.991350085525676
1483228824280,3.1636217248806044,9.017232308632275,2.0539312442319737
1483228824320,8.958019078739648,5.421245653137168,4.779211155188612
1483228824360,0.11227255083316123,1.9008837318404515,6.144100366030905
1483228824400,3.9246451188805986,3.5236234295921234,1.433649615067667
1483228824440,9.93253255119648,4.516071335943833,0.8174107516288642
1483228824480,2.609194745708855,2.91221411782555,8.226229037149144
1483228824520,1.68556068436171,3.857217621770758,8.165632440371505
1483228824560,0.5985571954631441,4.682374491699034,8.40840840502919
1483228824600,7.279323857970525,2.1120447587389926,3.907462775235797
1483228824640,2.1394108438541357,2.120124223747053,8.439238760591039
1483228824680,9.248135882255905,0.2772056347342322,6.496028201205172
1483228824720,6.8944002804136595,6.32793348519799,2.011251612413938
1483228824760,9.948345686370917,2.834089634452557,0.13681209271355743
1483228824800,7.6191759665545575,3.7420819024819165,0.5471534726397331
1483228824840,5.797639733070692,9.090033396656878,6.94373292552071
1483228824880,6.6123067424637485,8.612769991749063,7.923596390428347
1483228824920,1.3568631910163553,9.706132289321591,3.918585147184366
1483228824960,8.713940804182243,2.9890515991676994,2.840439419099725
1483228825000,3.7371916468788715,6.24278542621715,8.0824900775681
1483228825040,4.979943989565042,1.4542901282747567,3.538335804762535
1483228825080,6.702007451183148,7.247492342247818,2.7130146195340954
1483228825120,8.908860545895187,9.75996140489587,6.259902643674035
1483228825160,6.169058545856299,8.831194705772994,4.9787406421807905
1483228825200,1.3867368252143164,4.117000099093011,9.336322894598974
1483228825240,3.3422031662642446,8.313193427003378,7.839446865521916
1483228825280,8.38039449521165,8.801182395464465,6.1010786715086525
1483228825320,4.784344921459195,0.9053060971499161,6.797861969963983
1483228825360,6.4507674262898504,5.03875187211217,8.6687572438794
1483228825400,5.801331579887075,6.417459165620638,3.399995734901654
1483228825440,9.774613801324213,9.852536196397722,0.5552316556066661
1483228825480,1.7180290824596045,6.473691706973986,2.3267357305158587
1483228825520,5.659059097061151,4.455927596174492,8.121761220487823
1483228825560,5.512381128742177,4.342459544753044,2.216800767756184
1483228825600,7.205746972433573,8.853104111469152,7.549616246263081
1483228825640,7.847345470221132,9.252870957910734,5.6649510476573575
1483228825680,8.584090320900527,3.768360482582697,5.591120444124429
1483228825720,9.3092081146004,8.387941848331707,8.320923086788554
1483228825760,0.7126393561389055,0.34297565798658725,0.2226121275392512
1483228825800,4.338454894909404,9.457408432122053,3.5881258984452424
1483228825840,1.4577369335141588,2.342851977092856,6.749340582213835
1483228825880,8.384749403695631,2.9161967063047864,9.859367188979837
1483228825920,9.077345101205442,7.543749632365295,9.400330162852242
1483228825960,1.1175436183593035,9.07243178889882,0.49367822363515557
1483228826000,5.273648259839062,9.75978898275028,2.116371886213381
1483228826040,9.970731337013023,3.5637033110646597,7.439309175108032
1483228826080,1.663787320833221,1.8916884828509395,6.950431661630688
1483228826120,2.9753179848887665,6.851361501405434,0.42233032615722865
1483228826160,6.204902091896888,9.093987125380002,6.09738992800521
1483228826200,1.6304204284720691,3.7151037128487587,2.726746185823851
1483228826240,3.507000399290855,6.734847721935426,0.8661823373988065
1483228826280,8.971058528845377,5.272648778669865,0.3362411344929961
1483228826320,0.30356340050659125,3.413477654523134,7.74360547102958
1483228826360,9.510354365227666,9.914453933292627,2.383581030601233
1483228826400,6.844716909183997,2.0649302364687703,7.6598199630223665
1483228826440,0.17537886435474825,1.119809837560547,5.19353017762413
1483228826480,4.222544739621004,0.7926935392615653,2.807027506069458
1483228826520,6.145145799849439,0.11356240364856718,5.988645857707219
1483228826560,9.275510702659698,8.463806472971282,1.7139046352685317
1483228826600,6.364437989367431,0.6095161236594349,2.8074264089483405
1483228826640,4.443899713871929,3.947972666938555,7.559239136498394
1483228826680,3.0204013846594435,4.167939051297812,0.6075411579754764
1483228826720,0.9720834202216178,1.3688512036495448,8.812596491830563
1483228826760,2.1538232035264615,9.579875590276755,1.3352067643548338
1483228826800,7.637146275556076,9.038696902627233,2.0381131393725482
1483228826840,5.086835350899053,7.7226268519619605,3.241798105629494
1483228826880,9.89800273770806,9.0400544079875,4.071723410824393
1483228826920,6.251165963512369,7.396667588970774,2.93175717092761
1483228826960,4.972441609877951,1.462277090027555,2.962045210811024
1483228827000,9.062405680287357,7.697340387636485,7.1015264999152095
1483228827040,7.0692240872082746,4.190697665426956,0.7752183881457531
1483228827080,2.1591901947065573,3.6696147824820358,1.6959126894006893
1483228827120,9.984370744747919,4.089157455342852,5.284880637972092
1483228827160,5.72066717219355,3.5319053280816504,9.821090579577351
1483228827200,3.905195261493134,5.358885525886395,2.9346294731008893
1483228827240,3.248355691677023,1.9015926245742631,1.2958856149700115
1483228827280,4.173455674332445,8.447614834283877,1.0924699528319026
1483228827320,8.790012483806205,5.2814988579225,1.5591079274938513
1483228827360,5.906508874300806,8.359098199499806,1.7140710161107986
1483228827400,4.837143402839946,3.018406631661774,9.186220491386903
1483228827440,1.926065147292213,3.9189431525438545,4.14911167041536
1483228827480,8.986064009124599,6.29861358084974,6.216125622181345
1483228827520,1.4145728357452436,8.262528313365472,9.133166221094829
1483228827560,0.8964774556705912,0.3923948908833219,9.64263914889403
1483228827600,9.446177891521616,3.8467188843395697,2.525956750144757
1483228827640,1.870751543957494,4.394322066956842,4.86555733926738
1483228827680,4.166273611144503,8.005786087894398,2.878798682385739
1483228827720,8.91967034229807,3.5160781273729436,9.367099958249616
1483228827760,8.664793405450412,4.652430846501307,9.114603902539557
1483228827800,5.51181299421526,9.380822130739531,1.49951951200883
1483228827840,0.12451918744421087,6.617674186352723,3.8252924728592577
1483228827880,8.650468260105903,2.363096602099921,1.6007548001199257
1483228827920,4.663320322283902,0.8645803668064156,9.840110736991655
1483228827960,2.822322168567546,8.396593263224325,1.666098814242657
1483228828000,7.356314927028361,7.548322973064251,5.206885392555812
1483228828040,6.8979393712643535,7.998590475230505,9.910947966360373
1483228828080,4.408808291880265,4.23838327384514,3.613605279536316
1483228828120,3.0461377560638345,4.898004653053563,3.50475026273829
1483228828160,8.979803418677884,7.530917221920003,4.611843340260928
1483228828200,9.141307897878754,3.579614192155225,4.20760758783366
1483228828240,7.538273214286146,3.3310799412725025,3.3054901515389923
1483228828280,5.093798965909986,2.399050195771546,5.253072231532226
1483228828320,5.0869116264450405,8.870091748543052,0.790050354135774
1483228828360,1.8203487190567913,3.9786124009181623,3.245545505452021
1483228828400,0.0028162797089492653,1.6452872821081754,4.221675020473642
1483228828440,8.799546202583828,0.7558215322439887,4.478037295467194
1483228828480,6.982957402984027,7.930165384797073,4.631189223010103
1483228828520,9.757988666760916,8.50654376154063,8.439594995249566
1483228828560,9.426662822435507,3.8169963277674155,4.590741471308839
1483228828600,3.278351299998917,6.8267608269535405,0.9251275525313019
1483228828640,0.665294980247152,5.248949446734537,6.908489711276358
1483228828680,2.579665043374039,5.495835376731108,0.9114899818949274
1483228828720,3.2000143172042006,0.979113234200889,8.83173071116246
1483228828760,6.45464281721606,1.2703335861941734,3.580897303555389
1483228828800,4.319691192024665,8.01083443479984,5.628640241496495
1483228828840,2.197865970765055,7.524939340948405,8.448802852805407
1483228828880,3.781265090605844,8.423746576086208,8.531748284645671
1483228828920,1.9033262218053115,7.0750837690327915,1.5220787744213893
1483228828960,0.5222964232836091,3.725597163774308,6.178405832947033
1483228829000,7.709096272413677,6.557067342064469,4.813285358384163
1483228829040,2.263952830852991,3.395350975245149,6.593864573630795
1483228829080,9.634042822882762,6.628059221519351,6.592111901232976
1483228829120,9.404977751814734,0.7473617826421175,7.4796408868953925
1483228829160,4.135544826896357,2.162900143312043,1.1629883041112832
1483228829200,6.5145751367900555,7.344172622006212,2.351061785250578
1483228829240,9.129950682414233,0.7903787804137441,7.47383748930252
1483228829280,6.336629874003491,9.884612916328324,2.7475211718861923
1483228829320,5.189399264498611,0.361556750762857,3.6185807900880707
1483228829360,7.176671807222093,1.8505890702700423,0.3494991217044907
1483228829400,0.5462896070912759,3.2409173128273117,3.684778647906298
1483228829440,1.8187760124820174,8.5324875421669,3.6592518814856936
1483228829480,6.442482533568059,5.699232080269315,5.412426682099407
1483228829520,7.287594182128334,1.5686179166390224,9.571337104401232
1483228829560,1.66889298689051,3.609949716730172,5.973497453949445
1483228829600,6.34755886350281,5.705202073016631,2.3999198843733005
1483228829640,6.625015131155494,2.155229404942749,2.271842319095433
1483228829680,1.9344707032254982,4.3307164771066775,0.977289970924381
1483228829720,7.539974294623507,0.905043217923025,9.736325784725443
1483228829760,5.206977610123276,6.882416394435423,6.6027059637830945
1483228829800,6.568334579491669,0.3045361274821379,6.746251756522468
1483228829840,9.447295025852744,4.473566204646522,1.1329804606825078
1483228829880,0.020438499014326927,4.186912042527774,2.7590622934492504
1483228829920,7.947534304907067,3.474837819276617,5.039857615989267
1483228829960,2.9253912920507688,0.4072347341422444,0.7863933093261233
1483228830000,0.4887683176020574,1.3272517690727792,5.629563116000147
1483228830040,4.2846614067351485,9.367872262152416,0.09983521238693172
1483228830080,4.620322288668475,8.174312495144523,0.2971370145100227
1483228830120,9.81017690931405,9.426593273839362,0.3637254645133481
1483228830160,0.3989658984670441,2.9189696410151003,9.99309673893784
1483228830200,6.005637570269795,8.452325610397201,7.750985772462173
1483228830240,2.156576147333684,9.724844650167057,1.3457463284343774
1483228830280,7.032923452603513,3.2761350198302317,0.6235355589352742
1483228830320,6.00145301580048,4.125070814358839,9.122926885097497
1483228830360,2.9466771497048514,0.4111485842696727,2.557267452487626
1483228830400,5.780477370525094,4.517622178620659,1.6328175361201347
1483228830440,7.022548233957502,2.7716428038062855,5.240649217558816
1483228830480,7.044536600675802,7.533498118242919,4.957348823649013
1483228830520,1.4974692504117415,8.56190377023696,6.301106442085905
1483228830560,9.9215272225239,3.549660338706194,2.877616655067282
1483228830600,2.144212831662826,7.213219645369907,3.31763499491489
1483228830640,6.01865407574076,8.970001624273964,1.336087266448509
1483228830680,5.95510843908505,0.855676931858429,0.2614362295485795
1483228830720,5.470683730716058,6.459982429159702,2.809513121544014
1483228830760,7.247569942552634,3.467994948175491,2.213885603139558
1483228830800,3.6042106608084543,9.502449293484034,8.431261333944551
1483228830840,6.85940731182698,8.90004670043828,5.9812912487392875
1483228830880,8.490070951268168,4.938985954716106,2.6791153326354467
1483228830920,0.0796686110725231,9.54544079684961,0.63865410871071
1483228830960,2.8609964688683043,3.971798701688498,7.860537509829588
1483228831000,0.013977183357472,8.04166854700881,8.08666832065611
1483228831040,5.262132552215913,9.291262601287047,0.942530280379118
1483228831080,0.3735577325424311,9.5237920742205,8.32098355438203
1483228831120,7.66164820307254,0.1105386538908748,8.392360832582618
1483228831160,7.519245176122624,1.150611161979821,7.869579028408959
1483228831200,3.653434135038336,1.674148819509953,3.8889833677268912
1483228831240,8.45926675566467,1.1862809699862775,9.178580733447596
1483228831280,7.949243116367396,2.8094387898301463,2.389289910630211
1483228831320,3.684688051306302,3.0586909713181143,6.701385920253409
1483228831360,0.12939280586279356,0.39378109093884617,2.6737775847369774
1483228831400,9.647309390923335,4.700841569796459,3.6718381269071587
1483228831440,5.56142186539104,2.0276901274327708,8.519071653440125
1483228831480,1.7292495273478703,0.9714167825624853,4.5478859262691405
1483228831520,8.108212948407473,8.535835229614428,5.528172484674805
1483228831560,8.715189390978429,0.8461793582545785,5.84891923865424
1483228831600,1.6545444220869965,1.5491064517144404,1.0402625605532234
1483228831640,8.20568742985364,6.485775576288648,0.4022234925024404
1483228831680,9.708618345122726,2.538387933710017,7.905241174032501
1483228831720,6.420531040333332,7.888301141907821,2.2525801640434953
1483228831760,9.679710794097097,4.2559110387041175,0.07435846732995022
1483228831800,7.6215823686797455,2.7315478479209654,1.1043973194496037
1483228831840,0.057405290590155644,2.620187406057793,6.8050571216968585
1483228831880,1.3193098589554508,5.292598296668668,1.8679583023573476
1483228831920,6.768267020939152,6.718370145627076,8.645033898984607
1483228831960,7.993523608847145,3.140621097750278,1.1448791423949078
1483228832000,6.038653954714749,0.01120844425682499,2.0045710993372556
1483228832040,2.8048240677724556,9.12772814058646,0.8453584245895318
1483228832080,1.2747367661952291,7.944231196444921,5.6182155970458165
1483228832120,6.65023216188462,2.9078275191768057,6.4180871742979475
1483228832160,4.223489573578649,9.504397639795265,2.848349650832679
1483228832200,4.920028433114451,5.599810077957873,2.362806478678819
1483228832240,9.034124490077915,2.427940035297013,1.0728816461617885
1483228832280,8.216123346521018,3.7143321664278273,4.012534442780592
1483228832320,3.1895826025052343,1.9391793784572997,6.155823649468829
1483228832360,9.940506907058772,9.844646372968693,7.866844241409292
1483228832400,0.4031617237500451,7.447883549740456,9.58623653848733
1483228832440,0.8038795739124005,6.43498654157214,5.2937911709201915
1483228832480,3.2205593712376377,9.07035358395621,9.840664602626338
1483228832520,2.6958117610204866,7.875492086979362,6.862839853581564
1483228832560,0.9078915652511133,9.238539399638878,4.453521598983961
1483228832600,8.258525904923866,6.843270758931359,3.9810107561963326
1483228832640,3.902409934262896,2.8104892182816723,8.198634925615751
1483228832680,9.898923934463696,5.726730844444564,1.201678293850993
1483228832720,6.489432972337518,8.11353006127968,5.1637826022170605
1483228832760,7.448621898494401,7.624360643578165,8.134769813382674
1483228832800,4.481307051096362,2.6214709007901305,9.67463328257799
1483228832840,1.449648248271016,1.2762224665224986,8.047698405889946
1483228832880,6.2524971229816915,8.841195111135091,5.799930805178274
1483228832920,3.0007253403348666,4.2289666562500265,8.191038588206146
1483228832960,3.5660511925160954,1.3842490239756966,9.86141494433175
1483228833000,9.85493766358406,6.258487206676522,6.8534617474524895
1483228833040,5.624972050708617,3.14636039263007,1.4699132726996322
1483228833080,5.964592424288295,2.75015933954181,4.349429733822946
1483228833120,2.5304069160591656,9.692856587738852,5.769297053832403
1483228833160,2.1407577194452934,0.8461998118763603,2.05543037985899
1483228833200,4.629961899017188,4.674592382812634,4.033008844092588
1483228833240,5.854517179417259,6.0958069830468045,3.6483370329333
1483228833280,3.1994806611739843,5.657173237435515,7.34236856900396
1483228833320,8.822820340648851,6.374371885215542,3.4745848964893145
1483228833360,1.242595183488302,9.171217227588453,0.5057255719603604
1483228833400,5.585697458445368,6.085456630116707,9.818598239281421
1483228833440,6.15962107147407,2.545507725192179,1.4220377725032096
1483228833480,2.9240387596526207,5.5436694081874025,4.808185089912494
1483228833520,7.042510875140506,3.7956681487330437,7.116803082851368
1483228833560,6.232275881907594,0.04535040147768843,6.528871617077748
1483228833600,4.666371976945873,3.0435875328008652,0.3534676994795094
1483228833640,8.46810636422028,2.2954401723352937,6.931669100970613
1483228833680,0.12264276942135721,8.997951300148525,5.969440514723149
1483228833720,3.4539598383735592,4.297109730352579,2.4980131906178373
1483228833760,5.43626023772233,8.297417401147293,7.008390731583574
1483228833800,0.2738764427227891,9.832388108783578,6.015797953822767
1483228833840,5.953680232240732,9.568319430585937,7.593951668748673
1483228833880,7.101554036293035,5.30166218568072,7.635556886254205
1483228833920,4.088598323430452,3.608527253513781,7.501554182282023
1483228833960,3.6807326057611145,4.485942403137219,3.891826164054184
1483228834000,1.846173463885229,1.4219780914056201,5.059549632117621
1483228834040,2.4203604887879693,5.587051242444997,7.96931607019376
1483228834080,7.294244158200453,4.982350896510294,8.468481142492712
1483228834120,3.769099253322051,6.801624849491858,7.438834471807186
1483228834160,7.937622256344024,0.8466436891433249,5.313100062549
1483228834200,1.1502560320342714,7.5124388062601355,8.248636025449036
1483228834240,7.061488753823083,9.898020472758219,2.3684682881990238
1483228834280,8.77851277919304,3.694698272479311,2.0493432033443337
1483228834320,3.5701045649638194,3.199100272429738,7.461863527299318
1483228834360,5.387463792159407,4.2166916952961895,7.522994364674428
1483228834400,3.44382970011496,8.694787726502126,7.468073130688583
1483228834440,5.52250442177524,3.409716953437826,2.9334549600862836
1483228834480,6.502432978656985,9.1301211816364,7.168294487696154
1483228834520,3.210118239172479,0.03906642259780768,0.0159539046454793
1483228834560,2.2011592271899136,3.0332154485053895,9.807047080534911
1483228834600,3.0750941351585537,5.165711521604511,4.691882823588931
1483228834640,7.4107990465665114,8.202599953990132,2.288808842950081
1483228834680,6.996824972511333,8.728811507274902,4.0669165849764335
1483228834720,9.634107455570687,5.9466614229931505,0.7512598109013524
1483228834760,6.711719036811832,1.946340825079812,5.154551069659227
1483228834800,5.845685733285996,7.29975357586785,9.505766860577815
1483228834840,6.848274315740151,6.227169232810505,7.6537132485790185
1483228834880,8.261192626370066,6.360362174257413,2.3885782834936564
1483228834920,4.7853979871691985,0.6236155177158131,8.174472731961567
1483228834960,3.295651554709039,5.437714754053969,2.403337674805821
1483228835000,7.7027360518108745,6.695231918080489,1.4411083126085622
1483228835040,8.561047811229567,7.973187665185523,1.8041956966337003
1483228835080,7.115107683650691,2.3252311464598705,0.9100153849999959
1483228835120,6.735541272146422,6.498665106275311,2.3903833286454
1483228835160,1.2895119251353782,4.339215230714323,4.288438834471204
1483228835200,5.970176222357926,4.600638793635339,9.771219296820293
1483228835240,1.489048701396961,5.471836762815117,9.834789265531569
1483228835280,3.007376423918582,8.18086395917369,5.820642315277244
1483228835320,1.4749004031002355,8.025414550801347,6.090342309888093
1483228835360,1.5824159338747823,9.70567611393257,9.699144714904902
1483228835400,5.987325075085258,2.1146132488687686,3.1581278923661538
1483228835440,0.3031114714000971,9.178639463383341,6.666420668736361
1483228835480,7.297323110368092,9.958326495106844,0.995264231384394
1483228835520,6.152003285677931,2.9012882487717384,5.787652262985912
1483228835560,8.802649309778497,6.34696537987229,0.37356607159952704
1483228835600,5.412129485921992,3.0057512408318363,4.106588384589152
1483228835640,5.350552982076813,6.999570892693136,3.054996950141237
1483228835680,7.523949825216436,1.577446927928956,5.94039814501857
1483228835720,2.7958359357258766,7.908031765393294,7.192997147056666
1483228835760,1.8419168188409518,8.689445582402563,2.401761144776502
1483228835800,1.1332326194255804,0.5549969399508081,2.819917546819679
1483228835840,2.9605190508056243,2.048888205267392,4.995832382207148
1483228835880,2.1059686069015826,4.857288796769399,6.683743770836284
1483228835920,2.4197320913583753,1.6410957337161736,2.646426150713882
1483228835960,6.300987727316708,4.498079268616544,4.11929019124802
1483228836000,0.6099529940256831,7.070398160027395,9.493060895023067
1483228836040,5.673446361949184,0.4940660790846496,7.1358820519491815
1483228836080,6.831448094073168,5.897455783309469,4.4144309460976725
1483228836120,7.742280109071604,8.270842152092815,4.7294028315694465
1483228836160,3.6506384645965353,9.359498426496526,0.23038109416049335
1483228836200,6.877745826736129,5.940882933797894,8.526763222673342
1483228836240,4.960316410271704,8.379749152937443,2.739685250359968
1483228836280,9.762588141212156,0.9606729626736499,7.683828265081598
1483228836320,0.5437573323696976,4.639801116906916,8.513470705204522
1483228836360,1.5949430551273847,1.6472716184737535,1.4657338319450652
1483228836400,5.574091958344988,1.490555375521101,5.960985023599981
1483228836440,7.169509304738878,5.03067524215599,2.8155613108451814
1483228836480,2.793999986970838,5.93125244294845,0.21297201958005663
1483228836520,3.63389431221906,0.5530248431505946,0.5299075353515004
1483228836560,3.1696681735481036,4.431484885678103,2.365158986469668
1483228836600,0.9078898703517735,2.8894560247321808,7.082603009323255
1483228836640,3.0467534625826067,4.7035645426457275,5.875724849157164
1483228836680,2.0561866071913837,6.991994732392271,5.53508750246146
1483228836720,0.5161929330510784,1.0165700306660042,6.905574136645414
1483228836760,9.220145963087141,2.3652236796439006,0.08010873195861024
1483228836800,1.630149837535514,7.81362065620038,7.93166499612733
1483228836840,4.335547467561785,6.798363657879811,0.26470452846614645
1483228836880,0.618905159008265,8.357971995282,9.848315591162951
1483228836920,6.169906010893619,2.338965760983985,1.9078603323981747
1483228836960,7.248171278078093,1.9804564897571808,9.83686814931494
1483228837000,8.747449202108228,1.3202007155073503,1.5603568799751122
1483228837040,3.9608315373187963,7.844143388373277,2.300839515138493
1483228837080,3.3940044484947163,0.19030051281268223,9.559963407189803
1483228837120,3.2559943052487306,5.022499626952024,2.2143651471956884
1483228837160,9.79372299778911,0.43656286249176834,0.023132835378725236
1483228837200,1.0384589987744586,6.889616924321816,1.9179378851819051
1483228837240,8.26763303121048,0.11646231670359608,3.530194032653392
1483228837280,9.23045805074745,6.408722969563203,3.9192450608846707
1483228837320,8.00394510279847,0.9096554609496932,0.24547828436842556
1483228837360,6.9701047058205425,5.894492457000956,0.685816743563763
1483228837400,6.192981816734653,9.983201458210653,0.07963848806708085
1483228837440,0.9198969888516373,9.847555641700868,5.792335961810629
1483228837480,3.439904274575476,0.2982745826061295,8.346767624003318
1483228837520,4.082755443902059,4.62711235394078,0.5519580624146969
1483228837560,3.577155735203168,8.909700676302672,5.988011145121343
1483228837600,8.743358002310393,4.801344249548235,6.829471467828538
1483228837640,0.7222718022530694,9.581258760336759,2.945117393341569
1483228837680,2.705329734194443,5.971495574615345,8.491650938784636
1483228837720,2.4253054118922277,6.873429761906814,5.086516400001411
1483228837760,1.7358965632205614,0.08120155833124088,4.326755913739886
1483228837800,0.05222855737417986,5.092679592909,1.767749511239356
1483228837840,7.931655355462423,3.7395746657725515,1.3745363334883653
1483228837880,7.417677280837614,8.171014628417312,1.8597001576012073
1483228837920,6.593116028952924,9.034607922553606,7.6568277660656054
1483228837960,6.390632880347286,0.6528344804116237,8.359661163952236
1483228838000,0.8532133110110685,0.573027187469225,6.345536273931007
1483228838040,4.771686568702592,2.8871933287665597,6.91726141931965
1483228838080,2.4955549999835003,8.90840381641027,0.8437957900565196
1483228838120,0.15455024126010852,6.311587885026286,0.5303289065906491
1483228838160,7.26812027783491,0.476205222619821,7.711094818541105
1483228838200,0.6055439991730649,8.747326916634734,7.5512467634073035
1483228838240,7.134962490680685,0.24864801824904914,5.6442874394039695
1483228838280,5.7186245719124065,1.8506028200064228,7.515657313796872
1483228838320,1.6564433178276095,2.474967888635813,7.655244011843552
1483228838360,4.063142777513321,3.57651941028027,6.5528649175764775
1483228838400,0.7229563979710996,0.11701698137633776,4.015200574568243
1483228838440,3.1075033935204264,7.964908235593532,7.264352149125681
1483228838480,4.241671987200204,0.25417532060138526,0.9633558934172559
1483228838520,5.581234037842621,2.126338650218347,5.648706459964277
1483228838560,4.0200537211050165,5.9636680550734775,4.183354688917214
1483228838600,1.1886601975165645,3.661611662852702,2.117745054347444
1483228838640,2.3047958904313792,9.46015991926571,6.005497092810198
1483228838680,5.854422128486213,9.715400127249909,2.542716125919383
1483228838720,0.10331682795952757,0.6784806083599371,2.4201135232834203
1483228838760,4.380792030216506,2.4222792835491203,4.620572457837512
1483228838800,5.768592749168406,5.872667092078215,8.743631956690178
1483228838840,0.26880909526076247,5.247051237176812,2.421744395187402
1483228838880,2.8715588443819895,5.54816631623238,7.389122513757867
1483228838920,1.7446250675309127,2.041610915996457,7.376700474665741
1483228838960,5.3799514001432165,9.990108981703479,2.9915754350845747
1483228839000,2.116582578444872,3.2347387868380837,6.634170350868903
1483228839040,1.419974203568185,8.33106566075035,1.610320417582547
1483228839080,9.112957526299232,0.0581936702446717,8.334606710217738
1483228839120,9.143152740482547,9.526688647822658,3.15660336582662
1483228839160,0.4286502064358755,4.395934985626201,9.822480348354429
1483228839200,2.1276521901956826,3.933056268625994,4.985711808393004
1483228839240,5.024064571999785,3.2400987455540653,1.1325940208481788
1483228839280,7.276099163458954,9.92433300928138,3.8071905086644797
1483228839320,1.0298529483168473,3.7125231032425887,0.28590806703653326
1483228839360,5.169877070190738,6.209044419390426,6.2611702615606815
1483228839400,1.2387570105384382,0.27402799271030176,5.093618667718257
1483228839440,1.2443318139273751,7.545803471399392,5.713235482213811
1483228839480,2.6138491391227827,0.12933536995415218,3.7498516709145524
1483228839520,7.745427909622889,6.407314967038778,8.497905317939253
1483228839560,1.8234801845663906,8.753178928079487,4.6499937676259675
1483228839600,7.9020965568472015,3.2199574157890365,9.548590261596523
1483228839640,7.150414215637718,4.833469459064435,5.510770515437388
1483228839680,4.3070581149933185,9.226465755212672,8.2994763137922
1483228839720,2.1348964963829187,8.745007792799216,1.2701003720758297
1483228839760,6.655190887713983,6.944917220480374,8.805290453269548
1483228839800,4.530019431508045,5.091841792024724,7.341575882547443
1483228839840,5.7073014780976745,3.2746973326256246,9.740940730414195
1483228839880,5.405571030174218,2.440572987736429,9.312205480547988
1483228839920,6.451190627290945,3.199436150912882,5.13879894195229
1483228839960,9.478654263233711,5.154336557160503,1.2667814194660454
